{
  "threshold": 0.3919597989949749,
  "window_metrics": {
    "before": {
      "tn": 168127,
      "fp": 42494,
      "fn": 223957,
      "tp": 175295,
      "accuracy": 0.5631041216777919,
      "precision": 0.8048845442148134,
      "recall": 0.4390585394688067,
      "f1": 0.5681794240577206
    },
    "after": {
      "tn": 168127,
      "fp": 42494,
      "fn": 223955,
      "tp": 175297,
      "accuracy": 0.5631074010490709,
      "precision": 0.8048863359826622,
      "recall": 0.4390635488363239,
      "f1": 0.5681840649679196
    }
  },
  "sample_metrics_or_rule": {
    "before": {
      "tn": 57,
      "fp": 943,
      "fn": 36,
      "tp": 964,
      "accuracy": 0.5105,
      "precision": 0.5055060304142632,
      "recall": 0.964,
      "f1": 0.6632266941864465
    },
    "after": {
      "tn": 57,
      "fp": 943,
      "fn": 36,
      "tp": 964,
      "accuracy": 0.5105,
      "precision": 0.5055060304142632,
      "recall": 0.964,
      "f1": 0.6632266941864465
    }
  },
  "n_samples_examined": 2000,
  "n_evaded_samples": 0,
  "evaded_sample_ids": []
}