{
  "epochs": [
    {
      "epoch": 1,
      "train_loss": 0.6913684437010024,
      "train_acc": 0.5266666666666666,
      "val_loss": 0.6849630403518677,
      "val_acc": 0.49,
      "time_s": 16.34061884880066
    }
  ]
}