{
  "score_stats": {
    "min": 0.3555370271205902,
    "max": 0.43093419075012207,
    "mean": 0.3869647011285582,
    "median": 0.38361841440200806,
    "std": 0.010274310080466965
  },
  "n_samples": 2000
}