{
  "score_stats": {
    "min": 0.38898080587387085,
    "max": 0.7338417172431946,
    "mean": 0.4614922513084822,
    "median": 0.41231435537338257,
    "std": 0.09927456836605446
  },
  "n_samples": 2000
}