{
  "score_stats": {
    "min": 0.055290337651968,
    "max": 0.9531438946723938,
    "mean": 0.38545653115921336,
    "median": 0.3788960576057434,
    "std": 0.1070233727747631
  },
  "n_samples": 2000
}