{
  "n_samples": 2000,
  "grid_samples": 1000,
  "max_minwins": 5,
  "max_consecutive_k": 3,
  "score_stats": {
    "min": 0.055290337651968,
    "max": 0.9531438946723938,
    "mean": 0.38545653115921336,
    "median": 0.3788960576057434,
    "std": 0.1070233727747631
  },
  "best_combo": {
    "thr": 0.911801288443,
    "minwins": 0,
    "consecutive_k": 0,
    "tp": 21,
    "fp": 0,
    "tn": 1000,
    "fn": 979,
    "n_samples": 2000
  }
}