{
  "score_stats": {
    "min": 0.23250988125801086,
    "max": 0.7219846248626709,
    "mean": 0.40139255966844617,
    "median": 0.3611355721950531,
    "std": 0.10522172201545857
  },
  "n_samples": 2000
}