{
  "10": {
    "thr": 0.950396,
    "tp": 116,
    "tn": 990,
    "fn": 884
  },
  "9": {
    "thr": 0.950488,
    "tp": 116,
    "tn": 991,
    "fn": 884
  },
  "8": {
    "thr": 0.957655,
    "tp": 103,
    "tn": 992,
    "fn": 897
  },
  "7": {
    "thr": 0.965149,
    "tp": 97,
    "tn": 993,
    "fn": 903
  },
  "6": {
    "thr": 0.966715,
    "tp": 93,
    "tn": 994,
    "fn": 907
  },
  "5": {
    "thr": 0.96909,
    "tp": 89,
    "tn": 995,
    "fn": 911
  },
  "4": {
    "thr": 0.969584,
    "tp": 89,
    "tn": 996,
    "fn": 911
  },
  "3": {
    "thr": 0.969963,
    "tp": 88,
    "tn": 997,
    "fn": 912
  },
  "2": {
    "thr": 0.979159,
    "tp": 35,
    "tn": 998,
    "fn": 965
  },
  "0": {
    "thr": 0.989514,
    "tp": 19,
    "tn": 1000,
    "fn": 981
  }
}