{
  "confusion": {
    "tp": 100,
    "fp": 8,
    "tn": 992,
    "fn": 900
  },
  "metrics": {
    "precision": 0.9259259259259259,
    "recall": 0.1,
    "f1": 0.18050541516245489
  }
}