{
  "score_stats": {
    "min": 0.4357384741306305,
    "max": 0.7052278518676758,
    "mean": 0.5403369010051743,
    "median": 0.5202805399894714,
    "std": 0.06842909495634535
  },
  "n_samples": 2000
}