{
  "n_samples": 2000,
  "grid_samples": 500,
  "max_minwins": 3,
  "max_consecutive_k": 2,
  "score_stats": {
    "min": 0.4357384741306305,
    "max": 0.7052278518676758,
    "mean": 0.5403369010051743,
    "median": 0.5202805399894714,
    "std": 0.06842909495634535
  },
  "best_combo": {
    "thr": 0.705227851868,
    "minwins": 0,
    "consecutive_k": 0,
    "tp": 0,
    "fp": 0,
    "tn": 1000,
    "fn": 1000,
    "n_samples": 2000
  }
}